zip,data
1027,1
1056,1
1068,1
1069,2
1081,1
1082,1
1095,1
1096,12
1105,1
1237,1
1393,1
1420,41
1436,1
1505,51
1520,1
1541,1
1569,350
1571,1
1730,1
1760,1
1775,1
1801,1
1844,1
1850,1
1854,1
1930,1
1938,1
2038,1
2072,28
2170,1
2190,1
2301,1
2330,1
2364,1
2367,1
2532,1
2664,1
2702,1
2760,2
2767,1
2768,1
2777,1
2780,1
2813,1
2816,2
2818,164
2825,1
2886,2
2896,1
3034,1
3054,211
3079,1
3086,1
3253,2
3258,151
3301,29
3303,1
3603,1
3784,1
3813,91
3835,1
3842,2
3843,1
3848,138
3860,1
3861,1
3866,87
4005,1
4072,4
4107,1
4351,33
4441,1
4537,1
5301,14
5403,17
5452,2
5477,1
5495,1
5651,183
5734,1
5762,1
5855,1
6010,43
6029,1
6043,1
6071,1
6082,1
6085,1
6089,1
6096,115
6235,1
6249,1
6250,1
6331,1
6357,1
6359,17
6360,1
6403,1
6413,1
6415,1
6443,1
6475,2
6492,1
6716,18
6763,1
6787,2
6810,22
6850,1
6877,1
6903,1
7009,1
7013,1
7109,1
7302,1
7728,2
7740,1
7757,1
7825,1
7832,1
7853,1
7876,1
7885,1
7930,1
8009,8
8036,1
8055,2
8057,1
8068,2
8077,1
8080,34
8094,189
8106,1
8205,89
8210,105
8234,63
8302,2
8344,209
8510,1
8535,1
8690,1
8701,283
8721,1
8722,1
8734,1
8742,1
8753,1
8758,1
8831,1
8844,1
8867,1
8904,1
9228,1
10025,1
10566,10
10990,1
11214,1
11518,1
11705,1
11735,9
11738,1
11746,1
11763,1
11784,1
11935,1
11951,29
12020,2
12154,1
12401,160
12498,1
12528,1
12550,1
12553,1
12564,1
12771,78
12803,1
12831,1
12953,1
12989,15
13031,1
13039,25
13045,4
13053,1
13074,1
13088,1
13102,1
13112,1
13132,2
13209,80
13261,1
13340,1
13492,10
13783,1
13820,1
14040,38
14075,148
14094,2
14105,1
14120,26
14127,1
14150,1
14217,1
14221,1
14304,1
14423,22
14424,2
14428,245
14454,1
14502,1
14513,45
14519,1
14526,1
14564,2
14569,1
14580,1
14610,1
14616,1
14715,1
14733,1
14787,1
14801,1
14810,193
14870,2
14880,1
15001,2
15009,1
15010,1
15061,1
15068,1
15106,1
15143,1
15203,1
15216,1
15217,1
15223,1
15237,1
15301,1
15314,1
15401,2
15501,1
15562,1
15613,33
15626,51
15642,1
15650,1
15658,1
15668,277
15717,1
15857,1
15904,1
15906,1
15926,1
15946,1
15963,1
16001,41
16025,1
16038,28
16049,1
16052,1
16059,1
16066,1
16116,1
16117,140
16248,1
16345,1
16406,1
16428,76
16433,23
16510,2
16635,185
16673,138
16801,1
17015,1
17020,7
17033,1
17044,1
17057,1
17059,37
17063,169
17112,214
17225,395
17268,1
17301,1
17325,8
17329,1
17331,76
17349,1
17356,2
17402,36
17403,9
17406,1
17509,1
17519,39
17543,89
17545,1
17554,120
17557,1
17579,8
17584,125
17701,1
17702,1
17728,38
17751,30
17754,1
17758,1
17814,1
17870,139
17901,1
17963,1
18015,1
18017,1
18049,1
18066,1
18103,42
18104,2
18109,1
18214,1
18219,1
18235,1
18237,22
18321,1
18353,1
18417,49
18421,1
18428,1
18612,30
18614,1
18657,1
18848,25
18929,1
18930,1
18940,1
18944,1
18964,470
18966,1
18974,1
19018,1
19083,1
19095,1
19135,1
19335,1
19344,14
19363,1
19375,1
19382,220
19401,1
19403,1
19406,1
19425,2
19454,1
19464,39
19475,1
19501,96
19505,1
19512,34
19522,2
19525,1
19530,1
19534,1
19555,3
19608,1
19709,1
19711,1
19713,31
19809,1
19904,1
19933,1
19939,1
19943,1
19962,1
19968,1
19971,1
19975,10
20106,1
20109,6
20111,31
20124,1
20137,2
20155,1
20156,1
20171,1
20176,2
20186,1
20187,2
20601,1
20650,1
20659,3
20676,1
20678,1
20693,1
20707,1
20715,1
20746,1
20751,1
20763,1
20770,9
20772,1
20850,1
20853,1
20872,1
20910,1
21035,1
21037,1
21043,1
21047,1
21054,269
21060,1
21061,2
21084,2
21085,1
21087,1
21102,1
21113,2
21132,1
21157,1
21161,2
21209,2
21236,1
21403,1
21521,1
21623,1
21660,1
21666,1
21701,1
21703,1
21740,1
21771,1
21782,1
21787,1
21797,2
21842,1
21864,1
21921,1
22121,1
22182,1
22193,1
22306,1
22310,1
22405,35
22406,1
22408,1
22482,1
22485,1
22503,1
22551,1
22556,1
22560,8
22565,293
22601,1
22627,2
22728,1
22835,1
22841,1
22842,1
22974,1
23005,362
23039,1
23060,2
23113,1
23128,1
23139,3
23150,1
23188,47
23223,52
23229,2
23231,1
23235,1
23237,28
23310,1
23314,67
23321,1
23322,190
23423,1
23452,1
23456,1
23462,32
23510,1
23606,46
23692,101
23701,12
23831,1
23833,1
23843,1
23960,1
24004,1
24015,1
24018,1
24019,160
24055,1
24073,1
24084,1
24112,1
24153,8
24175,48
24502,1
24503,1
24506,1
24531,1
24538,1
24540,1
24549,1
24556,1
24586,226
24588,1
24597,1
25039,1
25213,1
25314,1
25405,1
25411,1
25425,1
25428,2
25446,1
25526,1
25880,2
25909,39
26047,1
26062,1
26101,1
26102,1
26150,18
26501,1
26554,1
26570,1
26833,1
27018,1
27028,115
27030,1
27040,1
27043,1
27045,225
27055,59
27104,1
27107,1
27205,1
27214,1
27235,100
27239,1
27248,32
27253,1
27260,1
27265,1
27278,1
27282,1
27284,3
27288,1
27295,136
27313,1
27320,1
27330,1
27332,1
27357,1
27406,1
27409,3
27511,1
27518,2
27526,1
27527,1
27529,91
27530,1
27544,1
27583,1
27588,1
27597,1
27604,1
27610,107
27612,1
27614,1
27616,1
27802,1
27817,45
27874,1
27948,1
27958,2
28002,1
28012,1
28016,1
28020,1
28027,438
28037,1
28054,1
28071,1
28075,1
28078,1
28081,1
28086,90
28104,68
28105,1
28110,1
28112,1
28115,1
28117,2
28120,1
28144,1
28147,18
28152,4
28163,1
28166,22
28167,1
28168,1
28174,1
28202,1
28210,2
28211,1
28215,1
28227,2
28306,2
28311,2
28327,1
28348,137
28365,1
28376,1
28405,52
28409,1
28412,53
28443,1
28450,1
28451,2
28467,1
28540,1
28560,1
28562,1
28601,2
28602,1
28607,3
28610,202
28630,1
28645,37
28650,1
28658,1
28673,1
28677,183
28682,24
28704,1
28716,2
28729,1
28734,1
28751,1
28752,538
28759,1
28763,1
28768,1
28782,1
28785,1
28786,1
28791,147
28803,1
28804,1
28813,1
28814,1
28906,1
29016,1
29020,1
29036,2
29054,2
29063,3
29072,119
29073,1
29101,90
29135,1
29154,19
29170,1
29172,1
29210,99
29296,1
29303,168
29349,1
29369,1
29406,111
29414,3
29466,19
29470,7
29485,1
29492,4
29505,1
29574,1
29575,237
29576,1
29577,5
29607,4
29625,1
29626,72
29631,1
29640,1
29646,1
29670,1
29671,1
29672,19
29673,28
29678,25
29680,1
29681,2
29686,1
29690,1
29693,1
29697,30
29706,1
29708,1
29732,1
29801,1
29803,1
29812,2
29841,1
29909,3
29920,1
29928,1
30004,2
30008,19
30012,1
30014,1
30016,2
30017,11
30019,2
30022,3
30024,2
30028,1
30040,2
30041,73
30043,3
30046,1
30047,74
30060,1
30062,131
30064,1
30066,1
30075,1
30076,1
30084,89
30087,1
30094,82
30096,2
30101,2
30102,1
30108,1
30115,23
30116,1
30117,1
30120,1
30125,1
30126,1
30127,1
30134,1
30135,1
30141,2
30143,2
30144,1
30152,1
30165,1
30168,1
30185,1
30188,124
30215,1
30233,1
30236,113
30248,1
30252,1
30253,1
30257,1
30263,3
30269,1
30289,1
30292,2
30305,1
30315,1
30345,1
30359,1
30360,1
30461,19
30506,1
30507,1
30512,2
30513,2
30516,1
30518,23
30519,49
30528,2
30533,5
30534,3
30540,1
30546,2
30553,2
30557,2
30559,1
30560,1
30566,175
30568,1
30575,1
30577,1
30582,1
30606,1
30628,1
30650,1
30680,2
30705,1
30711,1
30721,28
30736,91
30813,2
30907,1
30909,1
31005,1
31008,381
31009,1
31021,3
31024,1
31050,1
31061,2
31088,1
31206,25
31220,62
31308,1
31322,85
31324,84
31405,1
31501,1
31503,6
31516,1
31548,2
31602,1
31620,1
31636,54
31639,1
31707,1
31804,1
31904,3
31907,39
31909,1
32024,80
32025,1
32034,1
32038,1
32043,56
32052,2
32054,2
32064,1
32065,2
32073,149
32080,2
32082,1
32084,266
32086,2
32092,2
32094,1
32096,1
32097,2
32112,1
32118,1
32127,27
32137,2
32141,2
32159,2
32162,6
32164,1
32168,3
32174,31
32175,1
32177,1
32202,1
32207,1
32210,18
32218,318
32220,1
32223,1
32225,1
32226,1
32246,2
32250,1
32257,3
32259,1
32309,3
32312,1
32317,1
32343,109
32404,69
32405,108
32408,8
32413,1
32435,280
32439,1
32443,1
32444,1
32455,1
32457,1
32505,3
32507,2
32513,2
32514,1
32526,2
32530,1
32534,3
32536,1
32539,2
32563,80
32566,3
32567,1
32569,1
32570,4
32578,1
32579,1
32605,2
32606,1
32609,25
32615,46
32618,1
32626,1
32643,25
32653,1
32667,1
32668,1
32669,1
32703,22
32708,2
32709,1
32712,1
32714,2
32720,3
32722,1
32724,1
32725,2
32726,2
32730,1
32736,2
32744,1
32750,1
32762,1
32765,5
32771,33
32776,1
32780,50
32789,12
32803,1
32804,1
32806,1
32807,1
32808,17
32817,3
32818,1
32825,1
32827,1
32828,3
32833,1
32835,1
32836,1
32839,1
32904,27
32907,2
32926,126
32927,1
32934,2
32937,2
32940,8
32950,1
32953,1
32958,1
32963,1
32966,2
32967,1
32968,1
33012,1
33013,1
33015,1
33020,1
33021,1
33024,1
33028,1
33029,1
33030,2
33033,1
33035,1
33037,10
33040,1
33062,2
33064,1
33068,1
33070,2
33071,1
33134,1
33142,1
33144,1
33155,2
33166,1
33170,1
33175,1
33176,1
33180,1
33183,2
33187,1
33189,1
33265,1
33309,1
33312,135
33314,2
33315,1
33317,1
33323,1
33327,1
33328,2
33334,1
33346,1
33404,9
33407,93
33410,12
33412,2
33414,1
33425,1
33431,1
33435,1
33436,1
33445,1
33450,1
33455,57
33460,1
33462,1
33463,1
33467,2
33469,1
33470,2
33477,1
33486,1
33510,1
33523,25
33525,5
33526,3
33527,429
33540,1
33541,1
33542,1
33544,1
33548,1
33549,2
33556,1
33563,2
33566,96
33569,1
33572,1
33579,1
33584,535
33594,1
33596,2
33597,4
33605,1
33607,1
33610,14
33614,2
33615,1
33619,18
33621,1
33637,1
33647,2
33703,1
33709,1
33710,1
33713,2
33759,18
33762,19
33764,70
33765,1
33771,26
33772,1
33773,1
33776,3
33785,1
33801,11
33805,1
33809,596
33810,5
33813,2
33825,2
33830,203
33834,3
33837,3
33850,13
33853,1
33859,6
33868,2
33870,17
33875,2
33881,1
33884,18
33890,1
33898,2
33903,24
33904,2
33905,475
33908,74
33912,1
33914,1
33917,1
33932,1
33935,1
33950,3
33955,55
33967,1
33974,1
33976,1
33980,59
33982,2
33991,1
34108,1
34114,1
34119,2
34120,1
34135,1
34145,2
34201,1
34203,9
34207,15
34208,137
34210,1
34211,1
34212,1
34221,18
34229,1
34231,2
34232,65
34233,1
34235,1
34236,2
34241,1
34269,1
34275,525
34285,15
34286,1
34287,2
34288,1
34291,1
34292,1
34293,2
34420,2
34428,33
34432,2
34442,1
34446,16
34450,90
34471,88
34472,1
34479,53
34480,205
34481,1
34488,1
34491,87
34602,7
34608,1
34609,2
34613,62
34614,1
34637,1
34638,1
34652,1
34654,1
34655,5
34667,65
34669,1
34683,2
34684,1
34685,1
34688,1
34689,1
34691,68
34695,1
34714,2
34731,163
34736,1
34742,1
34744,6
34746,94
34748,1
34759,1
34761,3
34785,186
34786,2
34787,112
34946,289
34949,1
34952,1
34953,2
34957,5
34972,2
34973,1
34982,41
34983,1
34986,2
34987,2
34990,3
34994,20
34997,4
35007,1
35022,56
35040,127
35042,1
35071,14
35080,2
35089,1
35096,1
35098,1
35124,1
35126,2
35160,1
35186,1
35206,1
35222,1
35223,1
35226,1
35242,1
35444,1
35473,2
35565,1
35570,1
35611,1
35631,17
35674,1
35754,1
35756,1
35757,1
35758,1
35805,1
35811,1
35816,188
35906,1
35907,1
35950,48
35954,25
35957,1
35958,1
35967,1
35976,1
36010,1
36022,1
36048,1
36054,105
36066,1
36067,3
36079,1
36092,1
36104,1
36108,2
36116,48
36203,1
36207,224
36250,1
36251,1
36264,1
36301,138
36305,1
36526,1
36542,1
36567,89
36580,26
36582,140
36608,2
36618,11
36695,2
36801,40
36804,63
36831,1
36832,1
36874,1
37027,1
37040,1
37046,1
37064,2
37066,1
37069,1
37070,1
37076,1
37086,24
37090,51
37110,1
37122,1
37135,1
37212,1
37214,111
37221,1
37321,2
37343,11
37347,1
37363,1
37377,3
37379,2
37388,1
37409,1
37412,217
37415,1
37604,1
37615,2
37641,18
37645,1
37660,1
37681,1
37711,54
37725,1
37737,1
37742,1
37745,1
37748,1
37777,369
37803,1
37828,1
37830,1
37849,1
37857,1
37870,1
37885,1
37922,4
37923,1
37924,202
37933,178
37934,1
38011,1
38012,1
38016,2
38017,4
38044,1
38053,1
38058,1
38060,2
38109,1
38116,119
38120,1
38139,1
38222,1
38305,1
38316,1
38344,1
38372,1
38401,1
38468,1
38555,1
38556,2
38558,1
38580,1
38601,2
38606,1
38611,1
38632,1
38671,1
38834,47
38869,38
39042,1
39047,1
39073,18
39110,1
39120,1
39204,52
39301,100
39437,1
39466,51
39479,1
39483,1
39503,86
39532,54
39560,1
39565,1
39576,1
39667,1
39705,81
39730,83
39766,1
39845,1
40014,1
40059,1
40065,1
40078,1
40109,1
40214,1
40258,1
40356,1
40383,1
40385,1
40391,1
40403,2
40444,1
40505,271
40507,1
40509,1
40601,2
40701,38
40729,1
40741,141
40744,10
40769,1
41001,1
41007,1
41011,1
41017,1
41030,1
41035,2
41059,2
41076,1
41094,58
41102,192
41254,1
41501,69
42001,44
42003,1
42048,1
42066,189
42071,1
42088,1
42211,1
42404,1
42420,1
42629,1
42633,29
42701,28
42726,1
43015,65
43025,49
43062,92
43068,1
43074,103
43076,5
43081,1
43082,1
43123,3
43130,116
43137,48
43140,211
43146,1
43162,1
43207,2
43223,1
43224,1
43228,1
43231,50
43302,23
43311,2
43314,15
43316,16
43331,318
43357,1
43406,1
43410,60
43420,2
43452,1
43465,1
43504,1
43511,1
43512,1
43515,62
43528,85
43537,2
43545,2
43560,125
43612,17
43617,1
43701,1
43718,26
43725,90
43812,1
43964,1
44001,1
44017,1
44023,1
44035,2
44041,1
44053,14
44057,41
44067,1
44070,1
44081,1
44089,1
44109,1
44121,1
44132,57
44134,1
44145,1
44201,1
44212,1
44223,2
44240,1
44241,25
44256,129
44260,1
44278,1
44281,1
44312,172
44320,1
44333,1
44406,1
44408,1
44413,1
44425,1
44428,1
44430,2
44432,2
44446,13
44460,30
44483,7
44511,1
44614,2
44619,1
44641,1
44654,1
44656,16
44657,1
44663,3
44675,1
44691,1
44709,1
44711,1
44714,1
44720,159
44721,1
44833,94
44839,2
44842,12
44857,1
44883,2
44890,1
44905,7
45002,1
45013,2
45014,192
45036,2
45039,1
45042,1
45050,1
45066,1
45069,1
45103,309
45120,1
45121,1
45130,41
45133,86
45140,3
45171,1
45202,1
45209,1
45236,1
45239,1
45244,3
45251,157
45301,1
45304,1
45305,1
45326,17
45331,1
45338,1
45344,2
45356,133
45373,183
45380,1
45381,1
45404,83
45429,1
45431,1
45432,94
45459,2
45502,1
45503,1
45601,1
45750,2
45801,1
45813,1
45840,89
45873,23
45898,1
46013,32
46074,1
46077,1
46123,1
46140,255
46143,280
46158,1
46161,1
46176,1
46184,21
46203,110
46217,1
46227,1
46228,1
46236,1
46239,1
46254,1
46303,1
46373,1
46375,21
46507,10
46514,102
46516,73
46517,13
46530,1
46536,1
46542,1
46553,1
46562,48
46565,186
46567,1
46580,3
46582,1
46614,1
46703,1
46714,1
46733,53
46750,1
46777,1
46804,1
46806,1
46809,1
46814,1
46845,1
46901,25
46928,1
46979,29
47025,1
47112,1
47119,1
47122,1
47126,1
47130,2
47136,1
47164,1
47170,1
47240,1
47362,162
47374,593
47401,1
47441,1
47459,1
47501,2
47546,1
47620,16
47711,1
47712,1
47920,1
47992,1
48001,1
48005,1
48036,1
48043,161
48047,1
48064,35
48066,1
48071,1
48073,2
48082,1
48085,1
48092,110
48101,1
48114,2
48116,2
48117,1
48134,1
48144,1
48152,1
48158,2
48162,2
48169,1
48170,1
48182,1
48185,2
48186,37
48188,149
48189,26
48192,157
48193,1
48197,1
48198,1
48304,2
48307,1
48310,2
48312,1
48313,2
48315,1
48317,2
48324,1
48326,145
48327,1
48328,1
48348,1
48353,1
48357,1
48362,1
48375,1
48381,2
48382,5
48386,101
48390,3
48393,193
48415,168
48420,1
48423,2
48429,1
48430,1
48433,1
48438,1
48439,1
48446,38
48451,1
48455,2
48473,2
48532,13
48610,1
48612,1
48617,2
48625,9
48629,115
48631,27
48638,1
48640,1
48642,46
48653,3
48723,1
48749,1
48768,1
48820,72
48827,1
48838,1
48843,4
48851,1
48854,47
48858,2
48864,1
48879,2
48895,1
48917,2
49008,1
49036,156
49038,135
49078,1
49080,1
49085,1
49087,5
49120,1
49127,1
49315,1
49337,2
49341,1
49348,151
49349,1
49401,2
49417,4
49418,1
49423,22
49424,3
49426,1
49428,1
49436,1
49445,1
49456,1
49461,1
49464,6
49501,1
49505,1
49512,2
49548,124
49601,2
49615,1
49616,11
49683,1
49684,1
49685,1
49690,1
49721,1
49735,58
49738,1
49740,1
49781,1
50009,1
50014,1
50021,1
50022,40
50023,93
50129,67
50131,1
50201,28
50211,2
50214,1
50219,1
50220,42
50248,1
50263,1
50266,1
50313,3
50424,13
50436,66
50458,7
50466,76
50472,43
50613,83
50677,1
50701,1
51018,1
51109,1
51241,1
51246,1
51334,13
51355,48
51501,544
51503,2
52003,1
52052,54
52136,68
52175,1
52205,5
52233,120
52240,45
52246,1
52302,1
52314,1
52325,1
52340,1
52403,1
52405,1
52501,102
52722,1
52732,1
52803,1
52804,237
52806,107
52807,1
53019,75
53042,46
53072,1
53090,1
53094,1
53104,1
53121,64
53132,16
53137,1
53144,22
53147,1
53151,1
53153,1
53177,149
53189,1
53220,61
53511,1
53532,119
53541,1
53546,1
53548,1
53563,36
53593,1
53597,1
53598,1
53704,27
53711,1
53714,1
53719,1
53812,42
53916,1
53944,1
54017,1
54025,1
54082,1
54153,1
54204,1
54220,2
54235,123
54301,1
54401,1
54409,25
54448,1
54455,1
54476,2
54484,1
54487,6
54512,1
54514,1
54548,1
54568,18
54669,41
54703,1
54721,129
54729,251
54738,1
54739,4
54742,1
54830,1
54843,1
54859,108
54868,60
54872,14
54880,23
54902,1
54912,1
54913,1
54935,14
54956,111
54964,1
54970,33
54982,1
55008,1
55012,1
55014,1
55020,1
55021,3
55024,1
55025,2
55032,1
55038,139
55040,2
55044,4
55051,16
55053,1
55056,1
55060,165
55063,1
55068,1
55082,1
55088,1
55102,1
55110,2
55112,2
55126,1
55301,1
55303,561
55304,48
55305,16
55309,1
55311,80
55316,1
55319,1
55320,144
55330,22
55337,1
55345,1
55359,1
55362,23
55364,1
55371,13
55372,4
55374,91
55379,1
55391,2
55414,1
55428,1
55431,1
55432,256
55444,1
55446,1
55721,1
55744,2
55756,115
55811,296
55901,94
55920,68
55947,36
55976,1
55992,1
56001,120
56007,1
56011,2
56055,108
56081,1
56093,1
56096,1
56258,1
56301,288
56308,49
56310,1
56331,1
56332,62
56345,218
56347,33
56362,195
56377,1
56441,1
56464,1
56472,2
56484,34
56501,1
56601,2
56633,1
56748,1
56751,1
57103,1
57104,1
57106,1
57350,1
57567,1
57702,74
57718,6
57745,1
57783,1
58078,274
58103,52
58104,1
58501,1
58503,3
58545,1
58701,179
58802,71
58854,1
59047,2
59101,194
59105,1
59404,1
59405,1
59425,1
59457,1
59601,107
59602,1
59604,1
59701,127
59718,1
59720,1
59725,1
59808,246
59823,1
59829,1
59833,1
59860,1
59901,55
59912,2
60002,75
60010,2
60012,1
60014,1
60031,1
60033,2
60034,1
60044,1
60046,1
60048,1
60050,1
60060,31
60075,69
60078,1
60083,1
60084,189
60087,9
60098,1
60099,44
60103,53
60108,1
60110,1
60112,49
60118,1
60119,1
60124,1
60137,32
60142,149
60145,1
60152,2
60156,1
60177,2
60184,1
60193,2
60411,16
60423,55
60431,128
60440,1
60442,2
60445,8
60446,1
60462,1
60468,1
60481,1
60490,2
60504,1
60511,26
60516,1
60520,1
60525,1
60527,1
60543,1
60560,2
60561,1
60564,1
60585,1
60607,1
60613,1
60655,1
60657,1
60914,83
60970,1
61008,2
61010,1
61032,1
61073,1
61080,27
61101,62
61109,127
61112,145
61361,1
61401,1
61611,30
61704,2
61727,1
61752,1
61754,24
61756,43
61764,152
61822,1
61910,1
61938,1
62034,2
62048,50
62056,26
62208,1
62236,1
62285,1
62354,1
62367,1
62458,1
62526,32
62548,1
62549,2
62613,55
62634,1
62650,1
62656,1
62690,1
62711,28
62930,1
62948,1
62959,1
62992,14
63011,3
63012,1
63017,1
63028,1
63034,1
63038,1
63049,1
63084,1
63090,1
63103,1
63104,1
63125,27
63129,2
63304,1
63306,1
63343,1
63361,19
63366,54
63367,1
63368,2
63382,1
63385,42
63390,1
63448,103
63628,1
63703,60
63736,1
63755,95
63825,1
63830,1
63841,53
63852,1
63960,1
63989,1
64024,1
64029,164
64068,23
64071,1
64078,2
64079,1
64080,1
64085,1
64111,2
64118,1
64119,1
64157,1
64485,1
64503,1
64720,1
64735,61
64772,1
64802,1
64803,1
64804,62
6481,1
64836,258
65037,35
65049,1
65052,86
65202,135
65203,1
65604,1
65616,1
65679,1
65714,1
65737,2
65747,1
65754,1
65757,100
65774,1
65802,162
65803,1
65807,36
66002,1
66046,1
66062,1
66111,2
66203,2
66205,1
66206,1
66208,1
66209,1
66214,1
66441,6
66503,1
66608,1
66610,1
66614,1
66720,46
66725,1
66749,1
66846,3
67002,65
67058,38
67203,1
67208,1
67211,1
67213,1
67217,1
67301,1
67501,33
67530,109
67735,1
67801,38
67855,1
68008,1
68022,5
68048,1
68105,1
68123,1
68135,1
68137,232
68504,338
68666,1
68729,1
68776,1
68787,1
68901,1
69341,1
70053,1
70068,1
70118,1
70403,560
70433,2
70435,1
70438,1
70448,1
70454,433
70461,1
70466,1
70503,2
70507,1
70520,237
70560,1
70563,1
70583,91
70586,1
70591,1
70653,1
70706,1
70714,1
70726,4
70737,1
70739,1
70744,114
70816,1
70817,1
70819,42
71107,1
71111,124
71112,1
71115,1
71119,1
71129,5
71201,1
71220,1
71270,1
71280,1
71360,1
71446,1
71601,24
71613,1
71655,1
71909,2
71913,1
72032,90
72058,2
72113,1
72117,128
72120,140
72209,113
72450,35
72537,65
72581,1
72601,1
72631,1
72642,1
72653,1
72703,1
72704,1
72717,1
72745,80
72758,1
72762,150
72903,1
73010,1
73012,1
73036,1
73065,1
73069,40
73078,1
73080,21
73089,2
73111,1
73114,148
73115,1
73117,17
73127,337
73131,1
73157,1
73160,54
73170,71
73173,1
73189,1
73401,1
73501,76
73505,1
73521,2
73601,5
73644,2
73701,1
73857,1
73942,1
74006,1
74008,2
74011,2
74012,3
74014,2
74017,1
74019,1
74021,1
74023,1
74036,1
74063,3
74066,97
74074,1
74107,386
74112,25
74116,40
74129,191
74147,1
74301,9
74331,1
74344,1
74401,58
74435,1
74454,1
74501,1
74601,2
74733,101
74745,53
74857,1
74881,1
74953,145
75002,1
75006,1
75007,1
75013,1
75019,1
75024,1
75032,1
75034,2
75035,1
75044,1
75048,2
75051,1
75056,1
75057,61
75067,60
75068,2
75070,18
75074,1
75077,2
75080,1
75087,370
75090,151
75135,1
75142,1
75148,1
75150,286
75152,16
75154,21
75155,7
75156,1
75160,1
75166,1
75169,85
75181,1
75189,45
75206,1
75214,1
75229,1
75235,1
75254,1
75407,2
75409,1
75418,1
75421,1
75460,8
75474,30
75482,1
75491,1
75495,12
75497,2
75501,1
75551,1
75561,1
75605,32
75686,1
75703,1
75706,1
75707,1
75708,154
75713,1
75752,60
75762,29
75766,1
75773,13
75831,1
75844,1
75904,31
75946,1
75951,1
75964,259
76001,1
76002,1
76006,1
76009,892
76015,2
76017,2
76020,1
76028,28
76031,395
76033,118
76034,44
76039,1
76043,1
76048,2
76049,57
76051,1
76053,11
76054,1
76060,77
76087,147
76088,2
76107,1
76109,1
76116,57
76117,164
76126,2
76134,1
76140,330
76179,2
76205,2
76207,287
76208,2
76210,228
76226,1
76234,35
76244,1
76266,95
76271,1
76272,1
76301,1
76302,96
76305,75
76306,1
76308,1
76470,1
76502,1
76527,1
76539,1
76541,1
76643,167
76665,1
76692,2
76903,2
76905,142
77003,1
77009,1
77024,2
77032,11
77035,1
77043,1
77059,1
77065,20
77070,1
77074,376
77079,1
77084,1
77089,1
77090,105
77092,1
77094,86
77098,1
77301,86
77302,1
77303,1
77304,3
77316,2
77327,76
77331,1
77340,1
77346,1
77355,2
77356,5
77367,1
77373,119
77379,1
77388,18
77393,1
77399,1
77423,2
77429,29
77441,2
77447,1
77449,1
77484,1
77492,1
77494,593
77511,107
77523,1
77531,2
77535,1
77541,1
77546,2
77551,1
77568,135
77573,123
77584,1
77586,1
77591,75
77630,3
77632,1
77659,1
77803,54
77871,1
77904,22
77905,1
77987,1
78006,415
78023,1
78028,41
78052,1
78070,74
78108,1
78112,1
78114,2
78121,1
78130,370
78132,45
78155,387
78163,1
78216,1
78227,57
78238,49
78240,1
78248,1
78253,1
78254,6
78256,1
78258,1
78260,3
78382,166
78383,1
78411,1
78413,1
78416,3
78418,116
78504,1
78537,163
78552,2
78559,111
78572,1
78574,2
78597,1
78610,440
78611,1
78612,70
78613,2
78624,3
78626,307
78633,4
78640,48
78642,1
78652,1
78654,1
78664,116
78666,1
78669,1
78681,2
78724,1
78730,1
78734,2
78738,1
78741,2
78746,1
78945,1
79065,1
79068,1
79072,1
79323,1
79331,2
79423,125
79453,1
79556,84
79601,102
79606,1
79707,2
79711,1
79734,1
79765,1
79769,1
79821,114
79906,1
79934,1
79936,1
80002,1
80003,1
80007,1
80013,1
80015,1
80016,3
80020,3
80023,1
80026,2
80031,2
80033,1
80104,2
80107,1
80109,2
80120,1
80123,1
80124,1
80126,1
80127,3
80129,1
80130,1
80132,1
80134,2
80135,1
80138,3
80203,1
80206,1
80207,19
80214,2
80221,81
80223,2
80228,2
80233,1
80235,1
80260,6
80401,135
80424,1
80447,1
80487,1
80501,1
80504,702
80516,1
80517,1
80524,1
80525,1
80538,2
80550,2
80601,24
80602,1
80615,2
80620,60
80621,1
80632,1
80634,1
80817,132
80831,1
80863,1
80904,2
80905,16
80906,1
80907,78
80908,1
80909,1
80911,1
80920,1
80924,2
81023,1
81122,1
81147,2
81154,48
81235,1
81242,86
81252,1
81301,108
81303,2
81321,1
81401,26
81402,1
81501,1
81503,1
81505,86
81507,1
81520,1
81641,1
81652,1
82009,2
82414,1
82520,1
82604,25
82609,1
82716,1
82718,1
82801,1
82834,1
83204,1
83338,1
83340,1
83404,1
83460,1
83602,1
83607,49
83622,1
83638,1
83639,1
83642,304
83644,1
83647,1
83669,1
83680,1
83686,1
83702,1
83705,109
83709,289
83714,161
83816,1
83835,152
83854,354
83856,1
83869,2
84014,1
84020,393
84032,1
84037,148
84057,20
84062,1
84065,1
84074,1
84095,2
84098,1
84101,1
84107,290
84121,1
84128,1
84310,1
84341,33
84401,27
84403,1
84405,1
84414,1
84601,1
84651,1
84663,2
84746,1
84757,1
8477,1
84770,78
84790,1
85009,2
85018,3
85019,49
85020,25
85021,11
85022,1
85027,3
85029,2
85032,2
85043,28
85048,3
85051,1
85053,2
85054,17
85086,3
85087,88
85118,1
85119,2
85120,26
85122,25
85130,1
85132,1
85140,1
85142,4
85143,1
85194,1
85201,78
85203,126
85204,1
85205,25
85206,2
85207,100
85208,1
85210,10
85212,2
85213,570
85215,1
85220,44
85225,1
85226,1
85234,2
85248,1
85249,3
85251,1
85252,1
85253,1
85254,2
85255,1
85257,13
85258,1
85259,1
85260,4
85262,1
85268,18
85281,129
85284,1
85295,1
85298,1
85301,16
85306,1
85308,1
85323,114
85326,2
85331,2
85335,66
85338,5
85340,2
85345,111
85351,3
85354,2
85359,19
85365,48
85374,9
85378,114
85379,1
85382,2
85383,3
85387,1
85390,1
85392,1
85395,3
85396,2
85541,1
85546,1
85547,1
85553,1
85614,1
85616,100
85622,1
85629,1
85635,1
85637,1
85704,41
85705,40
85706,128
85710,1
85714,430
85728,1
85737,1
85739,3
85743,1
85745,17
85748,1
85749,3
85752,1
85756,46
85841,1
85901,2
85929,1
86003,1
86004,1
86015,71
86040,1
86301,163
86303,2
86304,1
86305,3
86314,26
86320,1
86322,1
86325,1
86326,2
86327,104
86333,1
86335,1
86401,1
86403,69
86404,18
86405,1
86406,2
86409,1
86426,1
86442,1
87035,33
87043,2
87059,1
87107,1
87108,1
87109,1
87114,2
87116,1
87120,2
87121,133
87122,2
87123,68
87124,1
87144,3
87174,1
87301,1
87410,1
87571,1
88001,1
88005,187
88007,2
88008,1
88011,1
88012,1
88030,1
88101,1
88310,3
88311,1
89002,2
89005,13
89006,1
89011,6
89027,2
89032,1
89044,134
89048,49
89052,6
89060,1
89084,1
89102,41
89103,2
89108,1
89117,1
89118,55
89119,2
89121,256
89122,28
89123,1
89128,1
89130,1
89131,1
89135,2
89139,2
89141,1
89144,1
89145,1
89146,1
89148,2
89149,1
89410,1
89423,1
89431,1
89434,1
89436,1
89441,4
89445,1
89449,1
89506,1
89508,1
89509,1
89511,4
89521,2
89523,1
89701,1
89704,1
89706,58
89801,3
90004,1
90034,1
90042,1
90049,1
90066,1
90069,1
90210,1
90242,1
90245,1
90248,32
90250,1
90265,1
90272,1
90275,3
90278,1
90360,1
90503,1
90504,1
90505,1
90601,1
90603,1
90604,1
90620,2
90630,1
90631,3
90660,1
90670,322
90680,39
90703,2
90706,1
90711,1
90712,1
90713,1
90717,1
90720,1
90731,1
90740,1
90745,1
90755,1
90810,6
91001,1
91016,1
91020,1
91040,1
91042,1
91106,1
91207,1
91214,1
91301,3
91303,23
91304,1
91306,1
91307,2
91311,1
91320,5
91321,1
91324,1
91325,1
91326,1
91342,1
91343,62
91345,1
91350,1
91351,3
91352,1
91354,1
91355,1
91356,1
91359,1
91360,38
91362,2
91364,1
91377,1
91381,76
91384,3
91387,3
91390,5
91405,2
91406,1
91411,3
91501,1
91502,1
91504,2
91505,2
91604,1
91606,1
91701,6
91708,1
91709,2
91710,6
91715,1
91720,13
91722,1
91723,1
91730,5
91732,1
91733,20
91737,2
91739,2
91740,4
91741,1
91744,1
91745,2
91750,4
91752,1
91762,38
91763,173
91765,2
91766,106
91768,1
91773,5
91775,1
91784,4
91786,26
91789,1
91790,1
91791,2
91902,2
91903,1
91910,1
91912,1
91914,2
91921,2
91935,1
91941,2
91942,32
91945,1
91962,1
91977,1
92004,1
92008,2
92010,1
92011,2
92014,2
92019,3
92020,3
92021,167
92024,1
92025,3
92026,3
92027,4
92028,3
92029,3
92036,1
92037,1
92040,13
92054,1
92056,3
92057,4
92058,1
92064,30
92065,53
92070,1
92071,3
92078,2
92079,1
92081,1
92082,3
92084,4
92103,2
92104,3
92106,1
92109,2
92110,1
92111,1
92114,1
92117,2
92119,2
92120,1
92128,2
92138,1
92154,1
92155,1
92169,1
92173,1
92178,1
92201,2
92203,1
92211,3
92220,56
92223,109
92231,1
92234,68
92241,1
92243,1
92248,1
92253,3
92256,1
92260,3
92262,2
92264,1
92270,2
92301,1
92307,4
92308,2
92313,1
92314,1
92317,1
92324,880
92329,1
92335,1
92336,1
92337,1
92340,1
92342,1
92345,171
92346,1
92354,1
92359,1
92373,40
92374,14
92376,1
92377,1
92379,1
92395,2
92397,1
92399,40
92405,1
92407,1
92408,17
92501,7
92503,216
92504,3
92505,2
92506,1
92508,2
92509,3
92530,2
92531,1
92532,1
92539,1
92543,1
92544,16
92545,13
92553,2
92555,3
92557,32
92562,250
92563,4
92570,20
92571,2
92582,16
92584,2
92585,134
92587,3
92589,1
92590,203
92591,3
92592,7
92593,1
92595,4
92596,2
92602,1
92612,2
92618,2
92624,1
92625,1
92626,13
92627,10
92629,2
92630,3
92637,1
92646,2
92647,3
92648,3
92649,1
92653,2
92656,1
92660,2
92663,1
92672,2
92673,4
92675,4
92677,3
92683,211
92688,1
92691,4
92692,3
92694,3
92703,1
92705,3
92708,377
92780,4
92782,1
92804,1
92805,1
92806,14
92807,4
92808,1
92821,3
92831,1
92833,2
92835,1
92840,1
92845,2
92860,38
92861,2
92865,1
92866,2
92867,3
92869,2
92870,1
92879,1
92880,2
92881,3
92882,250
92883,1
92886,4
92887,12
93001,1
93003,86
93004,2
93010,1
93012,3
93021,37
93022,1
93030,1
93033,2
93035,1
93060,1
93063,4
93065,98
93094,1
93103,1
93223,1
93225,1
93247,2
93257,1
93274,1
93290,1
93291,1
93292,1
93306,1
93308,1
93309,1
93312,2
93313,116
93314,1
93390,1
93420,4
93422,41
93427,1
93436,2
93444,191
93446,97
93455,3
93464,1
93465,1
93510,3
93514,1
93532,1
93534,1
93536,27
93546,1
93551,5
93555,1
93561,3
93581,1
93612,29
93613,1
93619,1
93635,227
93636,38
93651,1
93722,48
93725,320
93727,1
93737,1
93922,1
94002,1
94025,1
94043,1
94061,1
94086,1
94506,1
94510,2
94511,1
94513,3
94517,2
94519,1
94531,2
94534,217
94536,2
94544,9
94546,1
94549,1
94550,1
94551,43
94553,1
94558,1
94559,61
94560,6
94561,2
94566,1
94568,181
94582,1
94588,3
94597,1
94930,1
94945,1
94954,38
95020,99
95023,1
95037,1
95062,3
95066,1
95125,1
95138,1
95220,21
95227,1
95231,100
95242,1
95304,2
95330,2
95337,1
95355,1
95356,1
95367,1
95370,2
95376,1
95382,369
95403,1
95407,54
95425,1
95448,1
95476,1
95482,35
95521,1
95602,1
95603,17
95616,20
95618,42
95620,1
95624,3
95628,2
95630,1
95632,1
95648,1
95650,30
95661,129
95667,1
95669,1
95670,4
95677,78
95678,11
95682,4
95687,2
95688,118
95693,1
95694,11
95713,31
95742,144
95746,1
95815,175
95819,1
95823,157
95825,1
95831,1
95945,67
95949,11
95951,1
95953,1
95959,1
95961,2
95969,27
95991,36
95993,65
96001,2
96003,1
96007,80
96039,1
96044,1
96049,1
96093,1
96130,1
96150,1
96160,1
96305,1
96850,21
97006,167
97008,1
97009,1
97013,2
97015,3
97023,3
97035,1
97038,1
97045,11
97048,1
97053,2
97055,156
97056,1
97060,153
97062,170
97065,1
97070,2
97071,1
97080,2
97086,1
97123,91
97124,1
97128,48
97131,1
97132,3
97140,3
97201,1
97202,1
97206,1
97216,33
97219,9
97222,10
97224,2
97230,2
97236,5
97266,178
97267,1
97298,1
97301,41
97302,91
97303,1
97305,72
97306,1
97321,52
97322,1
97333,1
97351,1
97352,1
97355,2
97358,1
97361,1
97370,1
97380,2
97381,1
97385,11
97396,1
97401,196
97402,627
97404,1
9742,84
97420,79
97426,15
97439,33
97444,1
97448,679
97453,1
97455,1
97467,1
97471,1
97478,1
97479,1
97487,1
97501,55
97502,4
97504,99
97520,1
97524,2
97525,1
97527,1
97539,1
97540,1
97603,99
97701,200
97702,3
97708,2
97741,1
97753,1
97754,1
97756,2
97760,1
97801,1
97827,1
97838,2
97850,45
97862,42
97882,1
98001,1
98002,33
98011,3
98019,1
98020,1
98021,1
98022,2
98023,1
98024,1
98026,1
98027,1
98029,1
98032,117
98034,1
98037,1
98043,1
98045,1
98053,1
98055,1
98059,1
98063,1
98071,1
98072,3
98092,3
98101,757
98116,2
98133,1
98166,1
98201,1
98203,1
98204,47
98221,1
98223,2
98230,2
98233,116
98248,1
98258,1
98270,146
98272,1
98273,139
98274,12
98284,1
98290,1
98292,1
98296,2
98311,1
98312,1
98321,1
98324,1
98327,1
98329,1
98339,1
98340,1
98365,2
98366,1
98367,1
98370,3
98373,31
98382,1
98383,147
98387,1
98390,1
98391,82
98404,1
98406,1
98407,1
98424,243
98444,33
98502,1
98503,1
98516,2
98531,1
98557,1
98584,2
98596,1
98597,1
98604,1
98607,1
98620,1
98626,99
98640,1
98642,3
98648,1
98662,50
98665,1
98682,10
98683,1
98684,2
98685,10
98686,2
98687,1
98801,2
98802,1
98816,1
98848,1
98901,29
98908,1
98926,3
98937,1
98941,1
98942,1
99001,112
99005,1
99016,238
99019,225
99031,1
99134,1
99180,1
99212,8
99216,1
99217,2
99218,15
99223,1
99224,3
99301,150
99324,1
99336,20
99338,1
99352,2
99362,1
99403,57
99507,20
99518,29
99709,1
